{
  "project_info": {
    "project_number": "282479483023",
    "project_id": "rosokin",
    "storage_bucket": "rosokin.appspot.com"
  },
  "client": [
    {
      "client_info": {
        "mobilesdk_app_id": "1:282479483023:android:1f4de2a5a49b53c5b578fa",
        "android_client_info": {
          "package_name": "com.app.bankrosok"
        }
      },
      "oauth_client": [
        {
          "client_id": "282479483023-i3qv0sep0dktlnrg494tc5lgbd9c2cte.apps.googleusercontent.com",
          "client_type": 1,
          "android_info": {
            "package_name": "com.app.bankrosok",
            "certificate_hash": "1d92c76aff3e21c4ffc957fac2e8da3def9f9d3c"
          }
        },
        {
          "client_id": "282479483023-vkkr9dc26l00sotdf0ego3pab4gjgbcm.apps.googleusercontent.com",
          "client_type": 3
        }
      ],
      "api_key": [
        {
          "current_key": "AIzaSyBV7R2kn1DcmBQuWiuNDyBjG9nZIgc_5qg"
        }
      ],
      "services": {
        "appinvite_service": {
          "other_platform_oauth_client": [
            {
              "client_id": "282479483023-vkkr9dc26l00sotdf0ego3pab4gjgbcm.apps.googleusercontent.com",
              "client_type": 3
            }
          ]
        }
      }
    }
  ],
  "configuration_version": "1"
}